Metric,Improved_Model
Accuracy,0.7073170731707317
Precision,0.25
Recall,0.5
F1-Score,0.3333333333333333
AUC-ROC,0.7523809523809524
